"","year_commencing","yQ","operator","region","ppm","p_journey_millions","p_km_billions","trains_planned","yrly_stations_managed","yrly_fte","p_journeys_per_fte","p_km_per_fte","trains_planned_per_fte","p_journeys_per_station","p_km_per_station","trains_planned_per_station"
"1",2021,2021 Q1,"Avanti West Coast","longdistance",86.9793360087905,1.10915027231676,0.193440032725012,15049,16,3326,333.478734911834,58159.9617333169,4.52465423932652,69321.8920197975,12090002.0453133,940.5625
"2",2021,2021 Q1,"c2c","lse",95.0332245173912,3.56128117046731,0.0773176666111713,21870,25,647.76,5497.84051263942,119361.594743688,33.7625046313449,142451.246818692,3092706.66444685,874.8
"3",2021,2021 Q1,"Caledonian Sleeper","regional",79.8853016142735,0.0217959031016813,0.0172691559990498,168,0,184,118.455995117833,93854.108690488,0.91304347826087,NA,NA,NA
"4",2021,2021 Q1,"Chiltern Railways","lse",95.4718284368908,0.863184562660097,0.0371583869980002,21510,35,850,1015.51125018835,43715.749409412,25.3058823529412,24662.4160760028,1061668.19994286,614.571428571429
"5",2021,2021 Q1,"CrossCountry","longdistance",91.2624412333527,1.18511848032654,0.104767506775204,15900,0,1961,604.343947132351,53425.5516446731,8.10810810810811,NA,NA,NA
"6",2021,2021 Q1,"East Midlands Railway","mutli",93.8961824583143,0.990410191102542,0.0822274573026184,34124,90,2504.11,395.513851668873,32836.9988948642,13.6271968883156,11004.5576789171,913638.414473538,379.155555555556
"7",2021,2021 Q1,"Elizabeth line","lse",95.5763526401709,4.20102262493936,0.0521680129395749,45199,24,1425.2,2947.67234418984,36603.9944846863,31.7141453831041,175042.609372473,2173667.20581562,1883.29166666667
"8",2021,2021 Q1,"Govia Thameslink Railway","lse",89.737540641811,15.4924930823304,0.339713882553883,270921,235,7481.27,2070.83731536629,45408.5847127404,36.213236522676,65925.5024780017,1445590.98959099,1152.85531914894
"9",2021,2021 Q1,"Great Western Railway","mutli",94.61223084463,3.38251357735782,0.189604894581028,102276,194,6408.23,527.838978525711,29587.7168236827,15.9601013072252,17435.6369966898,977344.817427979,527.19587628866
"10",2021,2021 Q1,"Greater Anglia","mutli",94.1076146448423,3.90009120705819,0.149682071266798,88704,133,2867,1360.33875376986,52208.6052552487,30.9396581792815,29323.9940380315,1125429.10726916,666.947368421053
"11",2021,2021 Q1,"London North Eastern Railway","mutli",90.2582572330801,0.768279697273665,0.196929366260641,10462,11,3005,255.66712055696,65533.8989220103,3.48153078202995,69843.6088430605,17902669.6600583,951.090909090909
"12",2021,2021 Q1,"London Overground","lse",96.286359270322,13.5382783949965,0.0916966112923726,123369,81,1534,8825.47483376565,59776.1481697344,80.4230769230769,167139.239444401,1132056.92953546,1523.07407407407
"13",2021,2021 Q1,"Merseyrail","regional",96.8456264337335,1.79703714077168,0.0329487890235568,33535,66,1128.5,1592.41217613795,29196.9774245076,29.7164377492246,27227.8354662376,499224.076114497,508.106060606061
"14",2021,2021 Q1,"Northern Trains","regional",93.0317689822224,4.59393431220646,0.119940447085418,166285,477,6666,689.159062737243,17992.8663494476,24.9452445244524,9630.88954340977,251447.478166495,348.605870020964
"15",2021,2021 Q1,"ScotRail","regional",93.0207776534156,2.32852130741944,0.0582078344568004,145122,355,5211,446.847305204268,11170.1850809442,27.8491652274036,6559.2149504773,163965.730864226,408.794366197183
"16",2021,2021 Q1,"South Western Railway","lse",94.3204682984414,8.42040543242491,0.190021326836007,114237,187,5643,1492.18597065832,33673.8130136465,20.244019138756,45028.9060557482,1016156.82800004,610.893048128342
"17",2021,2021 Q1,"Southeastern","lse",92.1771823689207,9.02184892824651,0.212645408139208,127355,164,4480,2013.80556434074,47465.4928882161,28.4274553571429,55011.2739527226,1296618.34231224,776.55487804878
"18",2021,2021 Q1,"TfW Rail","regional",92.903792679271,0.858573262279056,0.0316700558286888,51824,248,2585,332.136658521878,12251.4722741543,20.0479690522244,3461.98896080265,127701.838018906,208.967741935484
"19",2021,2021 Q1,"TransPennine Express","regional",91.730900872073,0.936701450025162,0.06121147537498,17634,19,1427.5,656.1831523819,42880.1929071664,12.3530647985989,49300.0763171138,3221656.59868316,928.105263157895
"20",2021,2021 Q1,"Heathrow Express","lse",86.3682133402627,0.051768,0.001333000323072,8796,3,163,317.59509202454,8177.91609246626,53.9631901840491,17256,444333.441024,2932
"21",2021,2021 Q2,"Avanti West Coast","longdistance",86.7654224734431,3.38451327999999,0.660588275507339,17590,16,3326,1017.59268791341,198613.432203048,5.28863499699339,211532.079999999,41286767.2192087,1099.375
"22",2021,2021 Q2,"c2c","lse",95.7012934406854,5.79474775,0.123189531565478,25745,25,647.76,8945.82522847968,190177.737997836,39.7446585154996,231789.91,4927581.26261912,1029.8
"23",2021,2021 Q2,"Caledonian Sleeper","regional",90.2348578491965,0.04626579,0.0322774617500121,347,0,184,251.444510869565,175420.987771805,1.88586956521739,NA,NA,NA
"24",2021,2021 Q2,"Chiltern Railways","lse",94.3879668594785,2.51110035,0.125908546400904,27192,35,850,2954.23570588235,148127.701648122,31.9905882352941,71745.7242857143,3597387.04002583,776.914285714286
"25",2021,2021 Q2,"CrossCountry","longdistance",91.0312379483224,3.34988411,0.301526903822791,18521,0,1961,1708.25298827129,153761.807150837,9.44467108618052,NA,NA,NA
"26",2021,2021 Q2,"East Midlands Railway","mutli",88.5601402238737,2.95835270999999,0.2415200518866,40099,90,2504.11,1181.39886426714,96449.4578459413,16.0132741772526,32870.5856666666,2683556.13207333,445.544444444444
"27",2021,2021 Q2,"Elizabeth line","lse",95.2139456257076,7.02532916,0.0832582445988902,46056,24,1425.2,4929.36371035644,58418.6392077534,32.3154644962111,292722.048333333,3469093.52495376,1919
"28",2021,2021 Q2,"Govia Thameslink Railway","lse",90.232342355073,33.7030842058424,0.83471906010206,274975,235,7481.27,4504.99503504651,111574.513431818,36.7551231274904,143417.379599329,3551996.0004343,1170.10638297872
"29",2021,2021 Q2,"Great Western Railway","mutli",92.0275064273628,9.87579456,0.644558634457943,117022,194,6408.23,1541.1111274096,100582.943255461,18.2612047320399,50906.1575257732,3322467.18792754,603.20618556701
"30",2021,2021 Q2,"Greater Anglia","mutli",95.4434736949577,8.62736011203703,0.343272805405101,97944,133,2867,3009.19431881306,119732.40509421,34.1625392396233,64867.3692634363,2580998.53688046,736.421052631579
"31",2021,2021 Q2,"London North Eastern Railway","mutli",91.5150650400703,3.04332813,0.80875923748659,12015,11,3005,1012.75478535774,269137.849413175,3.99833610648918,276666.193636364,73523567.0442355,1092.27272727273
"32",2021,2021 Q2,"London Overground","lse",95.9377538417029,25.4783338375961,0.172796960254677,128384,81,1534,16609.0833361122,112644.693777495,83.6923076923077,314547.331328347,2133295.8056133,1584.98765432099
"33",2021,2021 Q2,"Merseyrail","regional",97.6240339901642,4.20209864283871,0.0775187256128985,42701,66,1128.5,3723.61421607329,68691.8259750984,37.8387239698715,63668.161255132,1174526.14564998,646.984848484848
"34",2021,2021 Q2,"Northern Trains","regional",92.6376831805134,11.80083129,0.339682149038833,184391,477,6666,1770.30172367237,50957.4180976347,27.6614161416142,24739.6882389937,712121.905741788,386.56394129979
"35",2021,2021 Q2,"ScotRail","regional",93.9434596145704,7.60701648,0.230664371474845,145767,355,5211,1459.7997466897,44264.8956965736,27.9729418537709,21428.2154366197,649758.792886887,410.611267605634
"36",2021,2021 Q2,"South Western Railway","lse",91.7536483483793,20.39583356,0.544706357050944,125820,187,5643,3614.36001417686,96527.7967483509,22.2966507177034,109068.628663102,2912868.21952376,672.83422459893
"37",2021,2021 Q2,"Southeastern","lse",93.0579754509444,18.93605932,0.470714012998986,124136,164,4480,4226.79895535714,105070.092187274,27.7089285714286,115463.776341463,2870207.39633528,756.926829268293
"38",2021,2021 Q2,"TfW Rail","regional",91.9912365563382,3.06920943,0.123494601228134,63054,248,2585,1187.31505996132,47773.5401269377,24.3922630560928,12375.8444758065,497962.101726347,254.25
"39",2021,2021 Q2,"TransPennine Express","regional",94.9960046785793,2.5883120861904,0.181488918008512,24672,19,1427.5,1813.17834409135,127137.595802811,17.2833625218914,136226.951904758,9552048.31623747,1298.52631578947
"40",2021,2021 Q2,"Heathrow Express","lse",89.1038053769537,0.125702,0.003236764151808,13353,3,163,771.17791411043,19857.4487840982,81.920245398773,41900.6666666667,1078921.383936,4451
"41",2021,2021 Q3,"Avanti West Coast","longdistance",87.1554341226472,5.70635724,1.16205453349083,18823,16,3326,1715.68167167769,349385.007062787,5.65935057125676,356647.3275,72628408.3431769,1176.4375
"42",2021,2021 Q3,"c2c","lse",94.9856914401144,6.99314736,0.158585500102106,27157,25,647.76,10795.8925527973,244821.384621011,41.9244782018031,279725.8944,6343420.00408424,1086.28
"43",2021,2021 Q3,"Caledonian Sleeper","regional",84.7108603667136,0.06210596,0.0405684705936153,506,0,184,337.532391304348,220480.818443561,2.75,NA,NA,NA
"44",2021,2021 Q3,"Chiltern Railways","lse",92.3767289090671,3.59111929,0.193026038474903,28445,35,850,4224.84622352941,227089.457029298,33.4647058823529,102603.408285714,5515029.67071151,812.714285714286
"45",2021,2021 Q3,"CrossCountry","longdistance",89.8984828201695,5.27519861,0.492078210866288,20489,0,1961,2690.05538500765,250932.284990458,10.4482406935237,NA,NA,NA
"46",2021,2021 Q3,"East Midlands Railway","mutli",84.2074310331141,4.38832721,0.368678477892003,39595,90,2504.11,1752.44985643602,147229.346111793,15.8120050636753,48759.1912222222,4096427.53213337,439.944444444444
"47",2021,2021 Q3,"Elizabeth line","lse",95.5164374182029,9.19209633,0.113100392065098,49447,24,1425.2,6449.68869632332,79357.5582831168,34.6947796800449,383004.01375,4712516.33604575,2060.29166666667
"48",2021,2021 Q3,"Govia Thameslink Railway","lse",84.7511660691059,45.2111197418681,1.23621600774934,272496,235,7481.27,6043.2412868227,165241.464049465,36.4237622756564,192387.743582417,5260493.64999719,1159.55744680851
"49",2021,2021 Q3,"Great Western Railway","mutli",87.7577233453793,14.12344893,1.01549758156311,128238,194,6408.23,2203.9547472547,158467.717538714,20.0114540208451,72801.2831443299,5234523.61630469,661.020618556701
"50",2021,2021 Q3,"Greater Anglia","mutli",95.1531300273637,12.8121645394047,0.557922552082455,105405,133,2867,4468.84009047949,194601.517991788,36.7649110568539,96332.0642060504,4194906.406635,792.518796992481
"51",2021,2021 Q3,"London North Eastern Railway","mutli",87.7727718355162,4.96978125999999,1.2775076347067,12969,11,3005,1653.8373577371,425127.332681098,4.31580698835275,451798.296363635,116137057.700609,1179
"52",2021,2021 Q3,"London Overground","lse",95.2169686724074,29.2891161213437,0.199668025290128,135206,81,1534,19093.2960373818,130161.685326029,88.1395045632334,361594.026189428,2465037.34926084,1669.20987654321
"53",2021,2021 Q3,"Merseyrail","regional",97.5510404880208,5.36206386952421,0.0995000806092752,43558,66,1128.5,4751.4965613861,88170.2087809262,38.5981391227293,81243.391962488,1507576.97892841,659.969696969697
"54",2021,2021 Q3,"Northern Trains","regional",90.2013236229078,17.1712971999999,0.541559871110776,202453,477,6666,2575.95217521751,81242.1048771041,30.3709870987099,35998.5266247377,1135345.64174167,424.429769392034
"55",2021,2021 Q3,"ScotRail","regional",91.1103401294165,12.17777023,0.408007848798316,158116,355,5211,2336.9353732489,78297.4186909069,30.3427365189023,34303.5781126761,1149317.88393892,445.397183098592
"56",2021,2021 Q3,"South Western Railway","lse",91.0024876938548,27.48770148,0.822278500939653,134950,187,5643,4871.11491759702,145716.551646226,23.9145844409002,146993.056042781,4397211.23497141,721.657754010695
"57",2021,2021 Q3,"Southeastern","lse",91.9714236563048,24.38033062,0.659215632567571,132037,164,4480,5442.03808482143,147146.346555261,29.4725446428571,148660.552560976,4019607.51565592,805.103658536585
"58",2021,2021 Q3,"TfW Rail","regional",89.000171203561,4.67379029,0.205918745893724,63417,248,2585,1808.04266537718,79659.0893205896,24.5326885880077,18845.9285887097,830317.523765016,255.713709677419
"59",2021,2021 Q3,"TransPennine Express","regional",94.0405704869594,4.1486064429471,0.324449156780312,25141,19,1427.5,2906.20416318536,227284.873401269,17.6119089316988,218347.707523532,17076271.4094901,1323.21052631579
"60",2021,2021 Q3,"Heathrow Express","lse",91.1821816105083,0.323293,0.008324634396672,13758,3,163,1983.39263803681,51071.3766666994,84.4049079754601,107764.333333333,2774878.132224,4586
"61",2021,2021 Q3,"Hull Trains","longdistance",87.5455896258273,0.20050619,0.0468955997059968,1058,0,98,2045.98153061224,478526.527612212,10.7959183673469,NA,NA,NA
"62",2021,2021 Q4,"Avanti West Coast","longdistance",78.0509106401107,6.36537042,1.21843155318154,20119,16,3326,1913.82153337342,366335.403842916,6.04900781719784,397835.65125,76151972.0738463,1257.4375
"63",2021,2021 Q4,"c2c","lse",94.6527172333623,7.64801259999999,0.169234809279402,26053,25,647.76,11806.8614919106,261261.592687727,40.2201432629369,305920.504,6769392.37117608,1042.12
"64",2021,2021 Q4,"Caledonian Sleeper","regional",81.7700676271684,0.04955643,0.0327346328959372,486,0,184,269.328423913043,177905.613564876,2.64130434782609,NA,NA,NA
"65",2021,2021 Q4,"Chiltern Railways","lse",93.3379644621796,4.20411507,0.223319862947554,27351,35,850,4946.01772941176,262729.250526534,32.1776470588235,120117.573428571,6380567.51278726,781.457142857143
"66",2021,2021 Q4,"CrossCountry","longdistance",86.3142068164732,6.29060967,0.538113630366512,19193,0,1961,3207.8580673126,274407.766632592,9.78735339112698,NA,NA,NA
"67",2021,2021 Q4,"East Midlands Railway","mutli",82.258365770383,5.32767987,0.4345213511232,38243,90,2504.11,2127.57421598891,173523.268196365,15.2720926796347,59196.443,4828015.01248,424.922222222222
"68",2021,2021 Q4,"Elizabeth line","lse",92.9290202958416,10.71938688,0.132962897527511,48694,24,1425.2,7521.32113387595,93294.2025873639,34.166432781364,446641.12,5540120.73031296,2028.91666666667
"69",2021,2021 Q4,"Govia Thameslink Railway","lse",85.1616671329149,51.0185019657142,1.34553072037164,267586,235,7481.27,6819.49748715314,179853.249564798,35.7674565949364,217100.008364741,5725662.63987932,1138.66382978723
"70",2021,2021 Q4,"Great Western Railway","mutli",87.8943299602514,15.7521571,1.0835261080833,127875,194,6408.23,2458.11356646063,169083.523544458,19.954808113941,81196.6860824742,5585186.12414072,659.149484536082
"71",2021,2021 Q4,"Greater Anglia","mutli",94.3580070404767,14.4303870094047,0.623031634868414,107014,133,2867,5033.27066948193,217311.348053161,37.3261248692013,108499.150446652,4684448.38246928,804.616541353383
"72",2021,2021 Q4,"London North Eastern Railway","mutli",85.4259587152879,4.72032388,1.11140967233032,12748,11,3005,1570.82325457571,369853.468329557,4.24226289517471,429120.352727273,101037242.93912,1158.90909090909
"73",2021,2021 Q4,"London Overground","lse",95.0606940977227,35.8075744422813,0.243860413715224,134880,81,1534,23342.6169767153,158970.282734827,87.9269882659713,442068.820275078,3010622.39154598,1665.18518518519
"74",2021,2021 Q4,"Merseyrail","regional",96.1013632551699,5.84962088178765,0.10641541608862,43949,66,1128.5,5183.53644819464,94298.1090727692,38.9446167478954,88630.619421025,1612354.78922151,665.893939393939
"75",2021,2021 Q4,"Northern Trains","regional",81.6553731449676,19.69786964,0.578342305355443,202413,477,6666,2954.97594359436,86760.021805497,30.3649864986499,41295.3241928721,1212457.66321896,424.345911949686
"76",2021,2021 Q4,"ScotRail","regional",85.9027427225307,14.11607602,0.442909793659829,161310,355,5211,2708.89963922472,84995.1628593032,30.9556706966033,39763.5944225352,1247633.22157698,454.394366197183
"77",2021,2021 Q4,"South Western Railway","lse",87.6354919250881,31.12345185,0.882595859546269,133429,187,5643,5515.40879851143,156405.433199764,23.6450469608364,166435.571390374,4719763.95479288,713.524064171123
"78",2021,2021 Q4,"Southeastern","lse",87.5036736675767,27.55081022,0.723632832479715,134159,164,4480,6149.73442410714,161525.185821365,29.9462053571429,167992.745243902,4412395.31999826,818.042682926829
"79",2021,2021 Q4,"TfW Rail","regional",78.3414453060551,5.24102544,0.211603680879655,69268,248,2585,2027.47599226306,81858.2904756886,26.7961315280464,21133.1670967742,853240.648708286,279.306451612903
"80",2021,2021 Q4,"TransPennine Express","regional",88.1000098755104,4.97944431775776,0.374531778327731,24592,19,1427.5,3488.22719282505,262369.021595608,17.2273204903678,262076.016724093,19712198.8593543,1294.31578947368
"81",2021,2021 Q4,"Heathrow Express","lse",90.7861936720997,0.665806,0.017144174260224,13410,3,163,4084.69938650307,105178.983191558,82.2699386503067,221935.333333333,5714724.753408,4470
"82",2021,2021 Q4,"Hull Trains","longdistance",86.286424526999,0.22160721,0.051478247060064,1034,0,98,2261.29806122449,525288.235306776,10.5510204081633,NA,NA,NA
"83",2022,2022 Q1,"Avanti West Coast","longdistance",84.4403270632778,6.10065155,1.18440577937011,17734,16,3278.647,1860.72228879779,361248.337918083,5.40893850420616,381290.721875,74025361.2106319,1108.375
"84",2022,2022 Q1,"c2c","lse",95.2839447678353,7.625609,0.170988560987904,25327,25,633.4,12039.1679823177,269953.522241718,39.9857909693716,305024.36,6839542.43951616,1013.08
"85",2022,2022 Q1,"Caledonian Sleeper","regional",89.161610590182,0.06390814,0.0443778327262195,518,0,187,341.754759358289,237314.613509195,2.77005347593583,NA,NA,NA
"86",2022,2022 Q1,"Chiltern Railways","lse",94.4250341789457,3.96797643,0.208298541816794,27272,35,895.5,4431.01778894472,232605.853508424,30.4544946957007,113370.755142857,5951386.90905126,779.2
"87",2022,2022 Q1,"CrossCountry","longdistance",88.6144702629081,5.70419903,0.48257943536183,17306,0,1913.6,2980.8732389214,252184.069482562,9.0436872909699,NA,NA,NA
"88",2022,2022 Q1,"East Midlands Railway","mutli",87.8705596036772,5.32306882,0.443805287861929,39564,102,2294,2320.4310462075,193463.508222288,17.2467306015693,52186.9492156863,4351032.23394048,387.882352941176
"89",2022,2022 Q1,"Elizabeth line","lse",93.0822961645923,10.4348650399999,0.130521010988586,44994,24,1255.371429,8312.17343245741,103970.034663411,35.8411852943325,434786.043333329,5438375.45785775,1874.75
"90",2022,2022 Q1,"Govia Thameslink Railway","lse",84.757733253925,49.0679504128571,1.27900841530096,256417,235,7413,6619.17582798558,172535.87148266,34.590179414542,208799.788990881,5442589.00128068,1091.13617021277
"91",2022,2022 Q1,"Great Western Railway","mutli",89.9979156221304,15.3909332799999,1.06087614887079,126794,194,6230,2470.45478009629,170285.096126933,20.3521669341894,79334.7076288655,5468433.75706593,653.577319587629
"92",2022,2022 Q1,"Greater Anglia","mutli",94.4922679250386,13.714554876258,0.57798503601908,95059,134,2798.69,4900.34797575223,206519.848936138,33.9655338747771,102347.424449687,4313321.16432149,709.39552238806
"93",2022,2022 Q1,"London North Eastern Railway","mutli",86.1855829405856,4.96031836,1.19046096175868,12943,11,3016.5989,1644.34136735911,394636.808280571,4.29059362184346,450938.032727273,108223723.796244,1176.63636363636
"94",2022,2022 Q1,"London Overground","lse",94.6625682214029,36.3134310013152,0.247352156465434,131478,81,1529,23749.7913677666,161773.810637955,85.9895356442119,448313.9629792,3053730.32673375,1623.18518518519
"95",2022,2022 Q1,"Merseyrail","regional",97.2974137466742,5.62642594426275,0.0990442546072539,39787,66,1148.5,4898.9342135505,86237.9230363552,34.6425772747061,85248.877943375,1500670.52435233,602.833333333333
"96",2022,2022 Q1,"Northern Trains","regional",84.6557077484146,18.8228482699999,0.54105172132214,184499,465,6854,2746.25740735336,78939.5566562795,26.9184417858185,40479.2435913976,1163552.08886482,396.772043010753
"97",2022,2022 Q1,"ScotRail","regional",90.3275729811883,12.7939615299999,0.391915705157095,159413,355,4925.5,2597.49498122016,79568.7148831784,32.3648360572531,36039.3282535208,1103987.90185097,449.050704225352
"98",2022,2022 Q1,"South Western Railway","lse",89.9973517993678,29.5341107,0.808863887333272,126771,187,5265.06,5609.45377640521,153628.617211062,24.077788287313,157936.420855615,4325475.333333,677.919786096257
"99",2022,2022 Q1,"Southeastern","lse",89.7411550343084,26.91605189,0.689020254927544,133599,164,4555.72,5908.18836320055,151242.889143219,29.3255511752259,164122.267621951,4201343.01785088,814.628048780488
"100",2022,2022 Q1,"TfW Rail","regional",85.3937699161084,4.66354839,0.193726793265984,63704,248,2769,1684.1994907909,69962.7277955883,23.0061394005056,18804.6306048387,781156.424459613,256.870967741935
"101",2022,2022 Q1,"TransPennine Express","regional",88.4093296078315,4.45605220769596,0.310413949998682,21627,19,1569.5,2839.15400299201,197778.878622926,13.7795476266327,234529.063562945,16337576.3157201,1138.26315789474
"102",2022,2022 Q1,"Heathrow Express","lse",89.942584558268,0.668595,0.01721598962688,13237,3,183,3653.52459016393,94076.4460485246,72.3333333333333,222865,5738663.20896,4412.33333333333
"103",2022,2022 Q1,"Hull Trains","longdistance",88.7550763198431,0.23410894,0.0550963049746982,1020,0,101,2317.9102970297,545507.970046517,10.0990099009901,NA,NA,NA
"104",2022,2022 Q2,"Avanti West Coast","longdistance",76.6217780077917,7.17189505,1.43724876752717,19875,16,3278.647,2187.45569437637,438366.426006572,6.06195177461923,448243.440625,89828047.9704481,1242.1875
"105",2022,2022 Q2,"c2c","lse",93.2138303961397,8.18400924,0.187144910518452,25520,25,633.4,12920.7597726555,295460.862833047,40.2904957372908,327360.3696,7485796.42073808,1020.8
"106",2022,2022 Q2,"Caledonian Sleeper","regional",86.5503080082135,0.0685040099999999,0.0443130313313318,487,0,187,366.331604278074,236968.081985732,2.60427807486631,NA,NA,NA
"107",2022,2022 Q2,"Chiltern Railways","lse",93.8501024892956,4.8775035,0.268967140250307,26466,35,895.5,5446.68174204355,300354.148799896,29.5544388609715,139357.242857143,7684775.43572306,756.171428571429
"108",2022,2022 Q2,"CrossCountry","longdistance",85.4921366208799,6.78948135,0.60577988151441,18837,0,1913.6,3548.01491952341,316565.573533868,9.84375,NA,NA,NA
"109",2022,2022 Q2,"East Midlands Railway","mutli",86.4788359011722,6.40719183999999,0.563887503069454,40146,102,2294,2793.02172624237,245809.72234937,17.5004359197908,62815.6062745097,5528308.8536221,393.588235294118
"110",2022,2022 Q2,"Govia Thameslink Railway","lse",85.9769425994331,60.4294264232142,1.69343906679877,260505,235,7413,8151.81794458576,228441.800458488,35.1416430594901,257146.495417933,7206123.6885054,1108.53191489362
"111",2022,2022 Q2,"Great Western Railway","mutli",89.2787734451369,19.43883328,1.40594283028222,132222,194,6230,3120.19795826645,225673.006465846,21.2234349919743,100200.171546392,7247127.99114546,681.556701030928
"112",2022,2022 Q2,"Greater Anglia","mutli",95.4727222586613,16.507505805,0.722853342637205,99590,134,2798.69,5898.29734804498,258282.747513017,35.5845056079809,123190.341828358,5394427.9301284,743.208955223881
"113",2022,2022 Q2,"London North Eastern Railway","mutli",88.5928826069229,6.10293529,1.51469552025918,13663,11,3016.5989,2023.11791932298,502120.291915236,4.52927301670766,554812.299090909,137699592.750835,1242.09090909091
"114",2022,2022 Q2,"London Overground","lse",94.7544443179962,38.1064931083629,0.260517024054709,132748,81,1529,24922.4938576605,170383.92678529,86.8201438848921,470450.532202011,3216259.55623098,1638.86419753086
"115",2022,2022 Q2,"Merseyrail","regional",94.8200508389047,6.34089631456872,0.113044487031546,45508,66,1148.5,5521.02421817041,98427.9382077022,39.6238572050501,96074.1865843746,1712795.25805373,689.515151515152
"116",2022,2022 Q2,"Northern Trains","regional",86.2968641338439,20.19362192,0.624906314262616,178203,465,6854,2946.25356288299,91173.9588944581,25.9998540997957,43427.1439139785,1343884.54680132,383.232258064516
"117",2022,2022 Q2,"ScotRail","regional",91.2938160807293,14.50755401,0.499291090890324,142333,355,4925.5,2945.39722058674,101368.610474129,28.8971678002233,40866.3493239437,1406453.77715584,400.938028169014
"118",2022,2022 Q2,"South Western Railway","lse",90.5484783311522,34.32103553,1.02569201717444,131567,187,5265.06,6518.64091387373,194811.078539359,24.988699084151,183534.949358289,5484984.04906118,703.566844919786
"119",2022,2022 Q2,"Southeastern","lse",91.3395744355403,29.70362485,0.790785807820842,134488,164,4555.72,6520.07253518653,173580.862700263,29.5206904726366,181119.663719512,4821864.6818344,820.048780487805
"120",2022,2022 Q2,"TfW Rail","regional",86.6179235969874,5.87110709,0.256689907470121,74526,248,2769,2120.29869628025,92701.3028061109,26.9144095341278,23673.8189112903,1035039.94947629,300.508064516129
"121",2022,2022 Q2,"TransPennine Express","regional",87.8572513617326,5.08328675507375,0.3713266416106,19748,19,1569.5,3238.79372734868,236589.131322459,12.5823510672189,267541.408161776,19543507.4531895,1039.36842105263
"122",2022,2022 Q2,"Heathrow Express","lse",89.6608964359385,1.371898,0.035325693038592,13210,3,183,7496.71038251366,193036.573981377,72.1857923497268,457299.333333333,11775231.012864,4403.33333333333
"123",2022,2022 Q2,"Hull Trains","longdistance",90.4742677889244,0.27393464,0.0629148787204608,1150,0,101,2712.22415841584,622919.591291691,11.3861386138614,NA,NA,NA
"124",2022,2022 Q3,"Avanti West Coast","longdistance",65.890807195155,6.40437162,1.25215714477928,17385,16,3278.647,1953.35808338013,381912.766082863,5.30249215606316,400273.22625,78259821.548705,1086.5625
"125",2022,2022 Q3,"c2c","lse",90.2139622346687,8.42403710999999,0.195591759351436,26513,25,633.4,13299.7112567098,308796.588808709,41.8582254499526,336961.4844,7823670.37405744,1060.52
"126",2022,2022 Q3,"Caledonian Sleeper","regional",86.7085076708507,0.06768466,0.0432900682974144,512,0,187,361.950053475936,231497.691430024,2.7379679144385,NA,NA,NA
"127",2022,2022 Q3,"Chiltern Railways","lse",89.3048788255151,4.94961388,0.271809474803412,26915,35,895.5,5527.20701284199,303528.168401353,30.0558347292016,141417.539428571,7765984.9943832,769
"128",2022,2022 Q3,"CrossCountry","longdistance",78.8449889187601,6.94929913,0.622854952361833,19515,0,1913.6,3631.53173599498,325488.582965005,10.1980560200669,NA,NA,NA
"129",2022,2022 Q3,"East Midlands Railway","mutli",80.3590021837879,6.43239305,0.559537691565853,39822,102,2294,2804.00743243243,243913.553428881,17.359197907585,63062.6769607843,5485663.64280248,390.411764705882
"130",2022,2022 Q3,"Elizabeth line","lse",94.1075009864901,35.11798540529,0.365543489095828,79014,24,1255.371429,27974.1792700063,291183.533933866,62.9407346500953,1463249.39188708,15230978.7123262,3292.25
"131",2022,2022 Q3,"Govia Thameslink Railway","lse",79.0900965218001,63.9803621596428,1.80623569830772,269188,235,7413,8630.83261292902,243657.857589062,36.3129637123971,272256.860253799,7686109.35450094,1145.48085106383
"132",2022,2022 Q3,"Great Western Railway","mutli",83.7583876240015,19.99837877,1.39920459854199,128792,194,6230,3210.01264365971,224591.428337398,20.6728731942215,103084.426649485,7212394.83784531,663.876288659794
"133",2022,2022 Q3,"Greater Anglia","mutli",91.8551544270264,16.7856742228571,0.734867767780918,96582,134,2798.69,5997.68971299326,262575.622087805,34.5097170461895,125266.22554371,5484087.81926058,720.761194029851
"134",2022,2022 Q3,"London North Eastern Railway","mutli",79.9185470436795,5.86383741,1.43090277738591,13197,11,3016.5989,1943.85717305672,474343.068077732,4.374794408365,533076.128181818,130082070.671446,1199.72727272727
"135",2022,2022 Q3,"London Overground","lse",92.7388224507838,38.6463454503496,0.264360221321067,127612,81,1529,25275.5692938846,172897.463257729,83.461085676913,477115.375930242,3263706.43606256,1575.45679012346
"136",2022,2022 Q3,"Merseyrail","regional",94.6329982065886,6.65437746891128,0.11789862685506,50741,66,1148.5,5793.97254585222,102654.442189865,44.1802350892468,100823.90104411,1786342.83113727,768.80303030303
"137",2022,2022 Q3,"Northern Trains","regional",83.5809282283998,20.48525474,0.635827809151307,171529,465,6854,2988.80285088999,92767.4072295458,25.0261161365626,44054.3112688172,1367371.63258346,368.879569892473
"138",2022,2022 Q3,"ScotRail","regional",90.2080055832878,16.70519083,0.563315612894242,160070,355,4925.5,3391.57259770582,114367.193765961,32.498223530606,47056.8755774648,1586804.54336406,450.901408450704
"139",2022,2022 Q3,"South Western Railway","lse",88.0925548559131,35.11180297,1.05359349931038,134337,187,5265.06,6668.8324482532,200110.444954166,25.5148089480462,187763.652245989,5634189.83588438,718.379679144385
"140",2022,2022 Q3,"Southeastern","lse",86.8069080797067,29.68840025,0.823729116435287,130140,164,4555.72,6516.73067045385,180812.059660226,28.5662858999236,181026.830792683,5022738.51484931,793.536585365854
"141",2022,2022 Q3,"TfW Rail","regional",84.1861096111233,5.97409061,0.262148822322266,80556,248,2769,2157.49028891296,94672.7419004211,29.092091007584,24089.0750403226,1057051.70291236,324.822580645161
"142",2022,2022 Q3,"TransPennine Express","regional",84.7196901213556,4.87773012244457,0.368808140349083,21216,19,1569.5,3107.82422583279,234984.479355899,13.5176807900605,256722.638023398,19410954.7552149,1116.63157894737
"143",2022,2022 Q3,"Heathrow Express","lse",86.6155459647042,1.107956,0.028529317453824,13008,3,183,6054.4043715847,155897.909583738,71.0819672131148,369318.666666667,9509772.484608,4336
"144",2022,2022 Q3,"Hull Trains","longdistance",81.451742929928,0.27599338,0.0629729323451712,1108,0,101,2732.60772277228,623494.37965516,10.970297029703,NA,NA,NA
"145",2022,2022 Q4,"Avanti West Coast","longdistance",64.0422019145823,6.1859278,1.15087917269723,14796,16,3278.647,1886.73187445919,351022.5933738,4.51283715508257,386620.4875,71929948.2935769,924.75
"146",2022,2022 Q4,"c2c","lse",90.6570745100811,8.40367325,0.187803077239261,24246,25,633.4,13267.5611777708,296499.964065774,38.2791285127881,336146.93,7512123.08957044,969.84
"147",2022,2022 Q4,"Caledonian Sleeper","regional",84.9454383490461,0.0550965899999999,0.0366860991703219,481,0,187,294.634171122994,196182.348504395,2.57219251336898,NA,NA,NA
"148",2022,2022 Q4,"Chiltern Railways","lse",91.8041440576002,4.78891646,0.259491867251569,22530,35,895.5,5347.75707426019,289773.162759988,25.1591289782245,136826.184571429,7414053.35004483,643.714285714286
"149",2022,2022 Q4,"CrossCountry","longdistance",73.7083159772707,7.11144137,0.601798622951243,18177,0,1913.6,3716.26325773411,314485.066341578,9.49885033444816,NA,NA,NA
"150",2022,2022 Q4,"East Midlands Railway","mutli",79.1762093065466,6.11575917999999,0.509134096192803,35025,102,2294,2665.98046207497,221941.628680385,15.2680906713165,59958.4233333332,4991510.74698826,343.382352941176
"151",2022,2022 Q4,"Elizabeth line","lse",91.2194202129471,41.6579620277299,0.402729637054526,74435,24,1255.371429,33183.774192562,320805.163914979,59.2932085918932,1735748.41782208,16780401.5439386,3101.45833333333
"152",2022,2022 Q4,"Govia Thameslink Railway","lse",78.5871425185865,62.8142887271428,1.66499194844826,246093,235,7413,8473.53146191054,224604.336766257,33.1974908943747,267294.845647416,7085072.12105643,1047.20425531915
"153",2022,2022 Q4,"Great Western Railway","mutli",82.7977554281462,18.91397282,1.26611740893116,118279,194,6230,3035.95069341894,203229.118608533,18.985393258427,97494.705257732,6526378.39655237,609.685567010309
"154",2022,2022 Q4,"Greater Anglia","mutli",91.8496029523629,16.5649110871428,0.70082762380062,90426,134,2798.69,5918.80883096835,250412.737316609,32.3101165187999,123618.73945629,5230056.89403448,674.820895522388
"155",2022,2022 Q4,"London North Eastern Railway","mutli",74.8801624595622,5.42575365,1.23071476507702,12100,11,3016.5989,1798.63277481139,407980.910248631,4.01113983035663,493250.331818182,111883160.461547,1100
"156",2022,2022 Q4,"London Overground","lse",93.2937798207466,38.7645510892228,0.26498499980172,121066,81,1529,25352.8784102177,173306.082277122,79.1798561151079,478574.70480522,3271419.75063852,1494.64197530864
"157",2022,2022 Q4,"Merseyrail","regional",94.8878746537054,6.47680274,0.113781674002994,46990,66,1148.5,5639.35806704397,99069.8075777048,40.9142359599478,98133.3748484848,1723964.75762112,711.969696969697
"158",2022,2022 Q4,"Northern Trains","regional",75.74717308791,19.68188303,0.582488561091444,151528,465,6854,2871.59075430406,84985.2000425217,22.1079661511526,42326.630172043,1252663.57223966,325.866666666667
"159",2022,2022 Q4,"ScotRail","regional",83.820959965635,15.63607469,0.474785307036437,155308,355,4925.5,3174.51521469902,96393.3219036518,31.5314181301391,44045.2808169014,1337423.40010264,437.487323943662
"160",2022,2022 Q4,"South Western Railway","lse",82.2178714961575,34.12220779,0.958133644989776,115854,187,5265.06,6480.87729104702,181979.625111542,22.0043076432177,182471.699411765,5123709.33149613,619.540106951872
"161",2022,2022 Q4,"Southeastern","lse",79.7113636651993,28.7140071,0.760567081470831,121040,164,4555.72,6302.84721185674,166947.723185541,26.5687970287902,175085.409146341,4637604.15530994,738.048780487805
"162",2022,2022 Q4,"TfW Rail","regional",80.9065137709157,5.92065182,0.2355691754279,74909,248,2769,2138.19133983387,85073.7361603106,27.0527266161069,23873.5960483871,949875.707370565,302.052419354839
"163",2022,2022 Q4,"TransPennine Express","regional",80.2365832790411,4.76926553094329,0.341475970164906,18200,19,1569.5,3038.71648992882,217569.907718959,11.5960496973558,251013.975312805,17972419.4823635,957.894736842105
"164",2022,2022 Q4,"Heathrow Express","lse",86.7316378847075,1.118263,0.028794717591552,12295,3,183,6110.72677595628,157348.183560393,67.1857923497268,372754.333333333,9598239.197184,4098.33333333333
"165",2022,2022 Q4,"Hull Trains","longdistance",79.2162778009563,0.27219732,0.0609651492429196,1113,0,101,2695.02297029703,603615.339038808,11.019801980198,NA,NA,NA
"166",2023,2023 Q1,"Avanti West Coast","longdistance",68.6794679517124,6.82335234999999,1.25560602439709,20337,16,3297,2069.56395207764,380832.885774064,6.16833484986351,426459.521874999,78475376.5248181,1271.0625
"167",2023,2023 Q1,"c2c","lse",94.1438287177814,8.76325619999999,0.20399281621602,26062,25,639.26,13708.438194162,319107.743666145,40.7690141726371,350530.248,8159712.6486408,1042.48
"168",2023,2023 Q1,"Caledonian Sleeper","regional",89.0853966649823,0.07413224,0.0507317585588352,495,0,198,374.405252525253,256221.0028224,2.5,NA,NA,NA
"169",2023,2023 Q1,"Chiltern Railways","lse",91.6316154851355,4.72064625,0.251013013104775,24488,35,866,5451.09266743649,289853.363862327,28.2771362586605,134875.607142857,7171800.37442214,699.657142857143
"170",2023,2023 Q1,"CrossCountry","longdistance",84.8669916803561,6.9165415,0.597208378479609,18871,0,1854,3730.60490830636,322118.866493856,10.1785329018339,NA,NA,NA
"171",2023,2023 Q1,"East Midlands Railway","mutli",84.4195492833057,6.59191621,0.56482730212563,38406,102,2409.74,2735.53006133442,234393.462417369,15.9378190178194,64626.6295098039,5537522.56985912,376.529411764706
"172",2023,2023 Q1,"Elizabeth line","lse",91.1923494257755,44.54497293591,0.418374878644881,75341,29,1277.114286,34879.3944474833,327593.92266706,58.9931541960686,1536033.54951414,14426719.9532718,2597.96551724138
"173",2023,2023 Q1,"Govia Thameslink Railway","lse",83.232421875,63.1479768599999,1.67423465147165,253440,235,7244.51,8716.66639427648,231103.918894673,34.983732509169,268714.795148936,7124402.77221979,1078.46808510638
"174",2023,2023 Q1,"Great Western Railway","mutli",86.2945379941921,18.83118623,1.2989767924608,126121,194,6185,3044.65420048504,210020.499993662,20.3914308811641,97067.970257732,6695756.66216907,650.10824742268
"175",2023,2023 Q1,"Greater Anglia","mutli",95.1046435922207,16.7840673550892,0.720108143749417,95228,134,2792,6011.48544236719,257918.389595063,34.1074498567335,125254.233993203,5373941.37126431,710.65671641791
"176",2023,2023 Q1,"London North Eastern Railway","mutli",82.6842479835521,6.04115956,1.40983646098192,12646,11,3240,1864.55541975309,435134.710179605,3.90308641975309,549196.323636364,128166950.998356,1149.63636363636
"177",2023,2023 Q1,"London Overground","lse",93.4081875759255,41.5502956957694,0.28580981646765,127181,82,1505,27608.1698975212,189906.854795781,84.5056478405316,506710.923119139,3485485.56667866,1550.98780487805
"178",2023,2023 Q1,"Merseyrail","regional",94.8483417296389,6.02717314999999,0.106764806236239,47640,66,1225,4920.14134693877,87154.9438663176,38.8897959183673,91320.8053030302,1617648.57933695,721.818181818182
"179",2023,2023 Q1,"Northern Trains","regional",83.0576527769773,21.00213234,0.630109831629358,195199,465,6912.1,3038.45898352165,91160.4044544144,28.2401874972874,45165.876,1355074.9067298,419.782795698925
"180",2023,2023 Q1,"ScotRail","regional",90.7610824656579,16.83705557,0.514351109808011,172948,357,4968,3389.10136272142,103532.832086959,34.8123993558776,47162.6206442577,1440759.41122692,484.448179271709
"181",2023,2023 Q1,"South Western Railway","lse",85.459579417024,34.80731799,0.978498696923447,128762,187,5217.23,6671.60887865783,187551.382040555,24.6801463611917,186135.390320856,5232613.3525318,688.566844919786
"182",2023,2023 Q1,"Southeastern","lse",83.7140758951458,29.41099766,0.77001089142422,126299,164,4481,6563.48977014059,171839.074185276,28.1854496764115,179335.351585366,4695188.3623428,770.115853658537
"183",2023,2023 Q1,"TfW Rail","regional",81.3662386183846,5.39226493,0.222891826335425,78691,248,2993.4,1801.38468965056,74461.0898427958,26.2881673013964,21743.00375,898757.364255746,317.302419354839
"184",2023,2023 Q1,"TransPennine Express","regional",80.3731315326115,4.47821611854148,0.309134343170304,20020,19,1602,2795.390835544,192967.754787955,12.4968789013733,235695.585186394,16270228.5879107,1053.68421052632
"185",2023,2023 Q1,"Heathrow Express","lse",88.0494984313877,1.112708793,0.0286516995355008,12910,3,142,7835.97741549296,201772.531940146,90.9154929577465,370902.931,9550566.5118336,4303.33333333333
"186",2023,2023 Q1,"Hull Trains","longdistance",86.7428325070058,0.32785653,0.0741806044693401,1160,0,100,3278.5653,741806.044693401,11.6,NA,NA,NA
"187",2023,2023 Q2,"Avanti West Coast","longdistance",73.4608635476137,7.89089517999999,1.53994047595711,20231,16,3297,2393.3561358811,467073.24111529,6.13618441006976,493180.948749999,96246279.7473194,1264.4375
"188",2023,2023 Q2,"c2c","lse",92.5399198260669,8.91259793,0.208179082513036,26710,25,639.26,13942.0547664487,325656.356588925,41.7826862309545,356503.9172,8327163.30052144,1068.4
"189",2023,2023 Q2,"Caledonian Sleeper","regional",85.729074238391,0.07703091,0.0497916024375052,483,0,198,389.045,251472.73958336,2.43939393939394,NA,NA,NA
"190",2023,2023 Q2,"Chiltern Railways","lse",90.6767813940749,5.34636759,0.290798535895084,25037,35,866,6173.63463048499,335795.076091321,28.9110854503464,152753.359714286,8308529.5970024,715.342857142857
"191",2023,2023 Q2,"CrossCountry","longdistance",79.2100163645474,7.33562052,0.644702560940401,20384,0,1854,3956.64537216828,347736.009137217,10.9946062567422,NA,NA,NA
"192",2023,2023 Q2,"East Midlands Railway","mutli",82.8797581252545,7.01140928,0.596575924939906,39643,102,2409.74,2909.61235651979,247568.586212581,16.4511524064837,68739.3066666667,5848783.57784222,388.656862745098
"193",2023,2023 Q2,"Elizabeth line","lse",88.5967915276436,51.0615397903617,0.493722084512944,83876,29,1277.114286,39981.965866414,386591.936152646,65.676189609236,1760742.75139178,17024899.4659636,2892.27586206897
"194",2023,2023 Q2,"Govia Thameslink Railway","lse",86.0603277381009,68.3250341257142,1.90358769355428,252907,235,7244.51,9431.28439683487,262762.794661651,34.9101595553046,290744.826066869,8100373.16406077,1076.2
"195",2023,2023 Q2,"Great Western Railway","mutli",84.9073834171738,20.94099319,1.47993517829317,128745,194,6185,3385.77092805174,239278.120985153,20.8156831042846,107943.263865979,7628531.84687201,663.634020618557
"196",2023,2023 Q2,"Greater Anglia","mutli",95.1664303562955,18.8750564270982,0.829969666024031,100705,134,2792,6760.40702976297,297267.072358177,36.0691260744986,140858.630052972,6193803.47779128,751.529850746269
"197",2023,2023 Q2,"London North Eastern Railway","mutli",83.7953599048185,6.35866794,1.49548981291535,13208,11,3240,1962.55183333333,461570.929912145,4.07654320987654,578060.721818182,135953619.355941,1200.72727272727
"198",2023,2023 Q2,"London Overground","lse",93.8382880498325,45.5512581509999,0.313441366020579,137764,82,1505,30266.6167116278,208266.688385767,91.5375415282392,555503.148182926,3822455.68317779,1680.0487804878
"199",2023,2023 Q2,"Merseyrail","regional",94.4572146192961,7.06887508999999,0.128315090957011,50962,66,1225,5770.51027755101,104747.013026131,41.6016326530612,107104.168030303,1944168.0448032,772.151515151515
"200",2023,2023 Q2,"Northern Trains","regional",83.6000712910464,20.56686161,0.669852720756679,203191,465,6912.1,2975.48669868781,96910.1605527523,29.3964207693754,44229.8099139785,1440543.48549823,436.969892473118
"201",2023,2023 Q2,"ScotRail","regional",91.6277814229928,19.29273134,0.633996772591818,179405,357,4968,3883.40002818035,127616.097542636,36.1121175523349,54041.2642577031,1775901.3237866,502.535014005602
"202",2023,2023 Q2,"South Western Railway","lse",88.7670452119601,38.15980009,1.13476207460014,138859,187,5217.23,7314.18781422326,217502.788759579,26.6154645281117,204063.102085561,6068246.38823604,742.561497326203
"203",2023,2023 Q2,"Southeastern","lse",89.4914444493256,31.19991111,0.849789360235284,130074,164,4481,6962.71169604999,189642.794071699,29.027895559027,190243.360426829,5181642.44045905,793.134146341463
"204",2023,2023 Q2,"TfW Rail","regional",77.1797274530718,5.98271008999999,0.263132365939407,71652,248,2993.4,1998.63369078639,87904.177837712,23.9366606534376,24123.8310080645,1061017.60459438,288.91935483871
"205",2023,2023 Q2,"TransPennine Express","regional",83.1010452961672,5.1418055945324,0.392469320391666,22755,19,1602,3209.61647598777,244987.091380566,14.2041198501873,270621.347080653,20656280.020614,1197.63157894737
"206",2023,2023 Q2,"Heathrow Express","lse",90.6793786614399,1.288937,0.033189488437248,13156,3,142,9077.02112676056,233728.791811606,92.6478873239437,429645.666666667,11063162.812416,4385.33333333333
"207",2023,2023 Q2,"Hull Trains","longdistance",83.3594597853611,0.35753744,0.0796602686741452,1185,0,100,3575.3744,796602.686741452,11.85,NA,NA,NA
"208",2023,2023 Q3,"Avanti West Coast","longdistance",74.516120784434,7.99035298,1.58596366153002,19556,16,3297,2423.52228692751,481032.351085842,5.93145283591143,499397.06125,99122728.8456262,1222.25
"209",2023,2023 Q3,"c2c","lse",93.5071922523064,9.03652076,0.212432310314737,27083,25,639.26,14135.9083315083,332309.717978189,42.3661733879798,361460.8304,8497292.41258948,1083.32
"210",2023,2023 Q3,"Caledonian Sleeper","regional",92.3436890679838,0.07641192,0.0497528946243648,550,0,198,385.918787878788,251277.2455776,2.77777777777778,NA,NA,NA
"211",2023,2023 Q3,"Chiltern Railways","lse",92.6715487690869,5.01261634,0.267227489790961,22921,35,866,5788.2405773672,308576.778049609,26.4676674364896,143217.609714286,7635071.1368846,654.885714285714
"212",2023,2023 Q3,"CrossCountry","longdistance",77.8933988830733,7.70696754,0.674976390150712,19556,0,1854,4156.94042071197,364064.935356371,10.5480043149946,NA,NA,NA
"213",2023,2023 Q3,"East Midlands Railway","mutli",82.290493409129,7.03830565,0.587889699335262,40397,102,2409.74,2920.77388016965,243963.954341656,16.7640492335273,69002.9965686275,5763624.50328688,396.049019607843
"214",2023,2023 Q3,"Elizabeth line","lse",87.4145413191693,55.36033591242,0.546239399266065,91136,29,1277.114286,43347.9889147681,427713.796058863,71.3608805406472,1908977.10042828,18835841.3540022,3142.62068965517
"215",2023,2023 Q3,"Govia Thameslink Railway","lse",85.2932770688145,69.2805147342857,1.94291448548798,246929,235,7244.51,9563.17469839723,268191.290437584,34.0849829733136,294810.70099696,8267721.21484247,1050.76170212766
"216",2023,2023 Q3,"Great Western Railway","mutli",82.2271609303143,20.52455317,1.47504557034552,134956,194,6185,3318.44028617623,238487.561899033,21.8198868229588,105796.665824742,7603327.6821934,695.649484536082
"217",2023,2023 Q3,"Greater Anglia","mutli",94.9539648176074,18.6753337935267,0.83233371705857,101126,134,2792,6688.8731352173,298113.795508084,36.2199140401146,139368.162638259,6211445.64969082,754.671641791045
"218",2023,2023 Q3,"London North Eastern Railway","mutli",84.8681604556306,6.14424488,1.44635860108675,13344,11,3240,1896.37187654321,446406.975644059,4.11851851851852,558567.716363636,131487145.553341,1213.09090909091
"219",2023,2023 Q3,"London Overground","lse",93.8205566769473,44.5924113132,0.3075358221768,135390,82,1505,29629.509178206,204342.738987907,89.9601328903654,543809.894063415,3750436.85581463,1651.09756097561
"220",2023,2023 Q3,"Merseyrail","regional",93.6132476644629,6.9782783,0.126519838789006,47603,66,1225,5696.55371428571,103281.50105225,38.8595918367347,105731.489393939,1916967.25437888,721.257575757576
"221",2023,2023 Q3,"Northern Trains","regional",81.3470969400539,20.60753904,0.683356960114456,197823,465,6912.1,2981.37165839615,98863.8706202827,28.6198116346696,44317.2882580645,1469584.8604612,425.425806451613
"222",2023,2023 Q3,"ScotRail","regional",90.6544983294005,21.07238664,0.687651562750268,179020,357,4968,4241.62371980676,138416.176076946,36.0346215780998,59026.2931092437,1926194.85364221,501.456582633053
"223",2023,2023 Q3,"South Western Railway","lse",88.6108167943628,37.00585142,1.11934078952978,126537,187,5217.23,7093.00748098129,214546.951069778,24.2536748427806,197892.253582888,5985779.6231539,676.668449197861
"224",2023,2023 Q3,"Southeastern","lse",88.2305067129929,31.35996051,0.877754026101807,133052,164,4481,6998.42903592948,195883.513970499,29.6924793572863,191219.271402439,5352158.69574273,811.292682926829
"225",2023,2023 Q3,"TfW Rail","regional",82.0487081881814,6.38247630999999,0.270442987379136,81831,248,2993.4,2132.18290572593,90346.4245938184,27.3371417117659,25735.7915725806,1090495.91685135,329.963709677419
"226",2023,2023 Q3,"TransPennine Express","regional",83.5799175357749,5.56858858596674,0.434353153597234,24444,19,1602,3476.02283768211,271131.806240471,15.2584269662921,293083.609787723,22860692.2945913,1286.52631578947
"227",2023,2023 Q3,"Heathrow Express","lse",87.1432984309924,1.102118,0.028378991849472,13412,3,142,7761.39436619718,199852.055277972,94.4507042253521,367372.666666667,9459663.949824,4470.66666666667
"228",2023,2023 Q3,"Hull Trains","longdistance",85.1637991986801,0.37058162,0.0830721983330765,1212,0,100,3705.8162,830721.983330765,12.12,NA,NA,NA
"229",2023,2023 Q4,"Avanti West Coast","longdistance",59.4247001031319,8.53811502,1.59966521423533,21055,16,3297,2589.66181983621,485188.114721059,6.38610858356081,533632.18875,99979075.8897081,1315.9375
"230",2023,2023 Q4,"c2c","lse",91.4550984117839,8.91753645,0.202951615645278,25788,25,639.26,13949.7801364077,317478.9845216,40.340393580077,356701.458,8118064.62581112,1031.52
"231",2023,2023 Q4,"Caledonian Sleeper","regional",87.3976405274115,0.06636017,0.0448994827223078,515,0,198,335.152373737374,226765.06425408,2.6010101010101,NA,NA,NA
"232",2023,2023 Q4,"Chiltern Railways","lse",90.1864256541447,5.54631271999999,0.294402247618406,25464,35,866,6404.51815242493,339956.406025873,29.4041570438799,158466.077714285,8411492.78909731,727.542857142857
"233",2023,2023 Q4,"CrossCountry","longdistance",67.5524646519856,8.98159841,0.745084556805726,19864,0,1854,4844.44358683927,401879.480477738,10.7141316073355,NA,NA,NA
"234",2023,2023 Q4,"East Midlands Railway","mutli",71.5536105032822,7.49223292,0.610507765807568,40542,102,2409.74,3109.14576676322,253350.056772751,16.8242217002664,73453.2639215686,5985370.25301537,397.470588235294
"235",2023,2023 Q4,"Elizabeth line","lse",85.2461906274446,58.461678790634,0.574059877908105,87927,29,1277.114286,45776.3877763356,449497.655927173,68.8481845077411,2015919.95829772,19795168.2037278,3031.96551724138
"236",2023,2023 Q4,"Govia Thameslink Railway","lse",80.3256496070394,70.9608154437027,1.90232612689528,260232,235,7244.51,9795.11594900175,262588.653600489,35.9212700375871,301960.916781714,8095004.79529906,1107.37021276596
"237",2023,2023 Q4,"Great Western Railway","mutli",77.3646821190603,20.8239715,1.44609412458373,137066,194,6185,3366.85068714632,233806.649083869,22.1610347615198,107340.059278351,7454093.42568933,706.525773195876
"238",2023,2023 Q4,"Greater Anglia","mutli",93.6733716044628,19.6134433489844,0.83958592055304,103311,134,2792,7024.8722596649,300711.289596361,37.0025071633238,146368.980216301,6265566.57129134,770.977611940299
"239",2023,2023 Q4,"London North Eastern Railway","mutli",68.8826002674155,5.77490276,1.30570946374049,13302,11,3240,1782.37739506173,402996.748068052,4.10555555555556,524991.16,118700860.340045,1209.27272727273
"240",2023,2023 Q4,"London Overground","lse",93.1500510552213,46.6701559526,0.322696024677439,133679,82,1505,31010.0704003987,214415.963240823,88.8232558139535,569148.24332439,3935317.37411511,1630.23170731707
"241",2023,2023 Q4,"Merseyrail","regional",90.6490025417854,7.45879228,0.133995237146749,46368,66,1225,6088.8100244898,109383.867058571,37.8514285714286,113012.004242424,2030230.86585983,702.545454545455
"242",2023,2023 Q4,"Northern Trains","regional",72.3582636227869,22.49134975,0.722814998057476,203127,465,6912.1,3253.90977416415,104572.416205998,29.3871616440734,48368.4940860215,1554440.85603758,436.832258064516
"243",2023,2023 Q4,"ScotRail","regional",85.2276845675546,20.93121154,0.621567852798816,173635,357,4968,4213.20683172303,125114.302093159,34.9506843800322,58630.84464986,1741086.42240565,486.372549019608
"244",2023,2023 Q4,"South Western Railway","lse",79.0169325048576,39.36290166,1.14169916753887,137154,187,5217.23,7544.7894112393,218832.439347867,26.2886627578236,210496.800320856,6105343.14191909,733.44385026738
"245",2023,2023 Q4,"Southeastern","lse",83.0088647840699,32.74376811,0.880156188993565,135335,164,4481,7307.245728632,196419.591384415,30.2019638473555,199657.122621951,5366806.03044857,825.213414634146
"246",2023,2023 Q4,"TfW Rail","regional",78.2081658149716,7.04742999,0.271212616154937,77870,248,2993.4,2354.32284024855,90603.5331579264,26.013897240596,28417.0564112903,1093599.25868926,313.991935483871
"247",2023,2023 Q4,"TransPennine Express","regional",76.9243714921224,6.4030524461451,0.468857871539346,25466,19,1602,3996.91163929157,292670.331797345,15.896379525593,337002.760323426,24676730.0810182,1340.31578947368
"248",2023,2023 Q4,"Heathrow Express","lse",79.1948933858481,1.171526,0.030166213423104,13148,3,142,8250.18309859155,212438.122697916,92.5915492957746,390508.666666667,10055404.474368,4382.66666666667
"249",2023,2023 Q4,"Hull Trains","longdistance",75.4975647886477,0.3446584,0.0781854229757145,1188,0,100,3446.584,781854.229757145,11.88,NA,NA,NA
"250",2024,2024 Q1,"Avanti West Coast","longdistance",69.2157123834886,8.33528014,1.58133652926847,21457,16,3288.28,2534.84500711618,480900.814185066,6.52529589937597,520955.00875,98833533.0792794,1341.0625
"251",2024,2024 Q1,"c2c","lse",92.7205785808263,8.92021955,0.211029094586534,26656,25,638.33,13974.3072548682,330595.608206624,41.7589647987718,356808.782,8441163.78346136,1066.24
"252",2024,2024 Q1,"Caledonian Sleeper","regional",90.5944739045492,0.08611322,0.0592794967648435,512,0,257.2,334.81034214619,230480.158494726,1.99066874027994,NA,NA,NA
"253",2024,2024 Q1,"Chiltern Railways","lse",89.7071343436063,5.16533459999999,0.272804279692538,26009,35,913,5657.54063526833,298799.86822841,28.487404162103,147580.988571428,7794407.99121537,743.114285714286
"254",2024,2024 Q1,"CrossCountry","longdistance",79.0641245484306,8.73824433,0.727666396879403,21077,0,1880.5,4646.76646104759,386953.680871791,11.2081893113534,NA,NA,NA
"255",2024,2024 Q1,"East Midlands Railway","mutli",81.3353985165251,7.39939933999999,0.607731557364771,42150,102,2453.76,3015.53507270474,247673.593735643,17.1777190923318,72543.1307843136,5958152.52318403,413.235294117647
"256",2024,2024 Q1,"Elizabeth line","lse",90.8823871374946,55.3887298584161,0.544537199791723,86010,27,1287,43037.0861370754,423105.827343996,66.8298368298368,2051434.4392006,20168044.4367305,3185.55555555556
"257",2024,2024 Q1,"Govia Thameslink Railway","lse",83.3608066839157,70.3912321862972,1.85574568000154,267012,236,7227.1,9739.90012401893,256775.979300347,36.9459395884933,298267.932992785,7863329.1525489,1131.40677966102
"258",2024,2024 Q1,"Great Western Railway","mutli",82.7884993681143,20.31765946,1.43948104045409,136892,197,6215,3269.13265647627,231614.004900095,22.0260659694288,103135.327208122,7307010.35763497,694.883248730965
"259",2024,2024 Q1,"Greater Anglia","mutli",94.1008144397975,19.1948593936519,0.834079901274463,105462,134,2712.67,7076.00238645021,307475.624117369,38.8775634338124,143245.219355611,6224476.87518256,787.029850746269
"260",2024,2024 Q1,"London North Eastern Railway","mutli",80.9410921520522,5.8929545,1.39363071661237,12956,11,3211.95,1834.69683525584,433889.293610539,4.03368670122511,535723.136363636,126693701.510215,1177.81818181818
"261",2024,2024 Q1,"London Overground","lse",93.6323435196236,44.5753267408999,0.309120736894359,130221,82,1506,29598.490531806,205259.45344911,86.4681274900398,543601.54562073,3769765.08407755,1588.06097560976
"262",2024,2024 Q1,"Merseyrail","regional",90.5602589862487,6.77898655999999,0.122219685509644,48276,67,1187.7,5707.65897112065,102904.509143423,40.6466279363476,101178.903880597,1824174.4105917,720.537313432836
"263",2024,2024 Q1,"Northern Trains","regional",83.8650409512635,21.40335782,0.691840279595393,203831,465,6957.38,3076.35314155616,99439.7718099907,29.2970917213089,46028.7264946237,1487828.55826966,438.34623655914
"264",2024,2024 Q1,"ScotRail","regional",90.0796077610787,19.8523876999999,0.589786891101999,176481,358,5398,3677.73021489439,109260.261412004,32.6937754723972,55453.596927374,1647449.41648603,492.963687150838
"265",2024,2024 Q1,"South Western Railway","lse",86.6892035537591,38.72036185,1.12760921016817,136073,187,5284.91,7326.58869309033,213363.938112129,25.7474583294701,207060.75855615,6029995.77630037,727.663101604278
"266",2024,2024 Q1,"Southeastern","lse",86.1861146796837,33.0711346,0.888377588655828,137388,165,4491,7363.86875974171,197812.867658835,30.5918503674015,200431.118787879,5384106.59791411,832.654545454545
"267",2024,2024 Q1,"TfW Rail","regional",87.4337979243135,6.83347333,0.262540630363968,83484,248,3327,2053.94449353772,78912.1221412588,25.092876465284,27554.3279435484,1058631.57404826,336.629032258065
"268",2024,2024 Q1,"TransPennine Express","regional",88.3419132236871,6.35618849310597,0.48219024184407,25919,19,1767.5,3596.14624786759,272809.189162133,14.6642149929279,334536.236479262,25378433.7812668,1364.15789473684
"269",2024,2024 Q1,"Heathrow Express","lse",87.2209239816125,0.975248,0.025112152276992,13021,3,147.5,6611.85084745763,170251.879844014,88.2779661016949,325082.666666667,8370717.425664,4340.33333333333
"270",2024,2024 Q1,"Hull Trains","longdistance",82.2355541521945,0.358172,0.0814720332426739,1131,0,120,2984.76666666667,678933.610355616,9.425,NA,NA,NA
"271",2024,2024 Q2,"Avanti West Coast","longdistance",66.0085244247341,8.46291306,1.66409349166456,21518,16,3288.28,2573.65949979929,506068.063444889,6.54384663106548,528932.06625,104005843.229035,1344.875
"272",2024,2024 Q2,"c2c","lse",92.9992348890589,8.79739082,0.208160262248843,27260,25,638.33,13781.8852631084,326101.330422889,42.7051838390801,351895.6328,8326410.48995372,1090.4
"273",2024,2024 Q2,"Caledonian Sleeper","regional",88.6038347285984,0.07379221,0.0478718530913779,529,0,257.2,286.905948678071,186126.956031796,2.05676516329705,NA,NA,NA
"274",2024,2024 Q2,"Chiltern Railways","lse",93.4176897884004,5.54870148,0.301005501890987,26215,35,913,6077.43864184009,329688.391994509,28.7130339539978,158534.328,8600157.19688534,749
"275",2024,2024 Q2,"CrossCountry","longdistance",81.0500016656117,8.42604148,0.726912825671324,21442,0,1880.5,4480.74526987503,386552.95169972,11.4022866258974,NA,NA,NA
"276",2024,2024 Q2,"East Midlands Railway","mutli",83.1686208155231,7.50596096999999,0.618139904099858,41877,102,2453.76,3058.96296703834,251915.388668761,17.0664612676056,73587.8526470587,6060195.1382339,410.558823529412
"277",2024,2024 Q2,"Elizabeth line","lse",91.8171454262271,59.0307718746803,0.579840069495193,88970,27,1287,45866.9556135822,450536.18453395,69.1297591297591,2186324.88424742,21475558.1294516,3295.18518518519
"278",2024,2024 Q2,"Govia Thameslink Railway","lse",83.8884273567744,72.1924843371428,1.99515123728637,267399,236,7227.1,9989.13593794784,276065.259548971,36.9994880380789,305900.357360775,8454030.66646767,1133.04661016949
"279",2024,2024 Q2,"Great Western Railway","mutli",85.4713894435401,21.74507094,1.55179450255509,138583,197,6215,3498.80465647627,249685.358415944,22.2981496379726,110381.070761421,7877129.45459437,703.467005076142
"280",2024,2024 Q2,"Greater Anglia","mutli",94.6908537190903,19.9395680319915,0.880849186692921,107889,134,2712.67,7350.53214434174,324716.676445318,39.7722539048244,148802.746507399,6573501.39323075,805.141791044776
"281",2024,2024 Q2,"London North Eastern Railway","mutli",82.8707623796531,6.55309832,1.60879523608197,13666,11,3211.95,2040.22426251965,500878.044826965,4.25473621943056,595736.210909091,146254112.371088,1242.36363636364
"282",2024,2024 Q2,"London Overground","lse",92.7894183844455,46.1852479383999,0.317799980568379,136236,82,1506,30667.4953110225,211022.563458419,90.4621513944223,563234.730956096,3875609.51912657,1661.41463414634
"283",2024,2024 Q2,"Merseyrail","regional",91.4901168348684,7.41938668,0.134081904087014,49912,67,1187.7,6246.85247116275,112892.0637257,42.0240801549213,110737.114626866,2001222.44905991,744.955223880597
"284",2024,2024 Q2,"Northern Trains","regional",83.0043249715332,21.53386224,0.6472931749729,202115,465,6957.38,3095.1108377004,93036.9154729079,29.0504471510827,46309.3811612903,1392028.33327505,434.655913978495
"285",2024,2024 Q2,"ScotRail","regional",91.1553934052547,21.3698898999999,0.676295150000279,183878,358,5398,3958.85326046682,125286.244905572,34.0640978140052,59692.4298882679,1889092.59776614,513.625698324022
"286",2024,2024 Q2,"South Western Railway","lse",87.3002890696701,40.28617089,1.20941458309989,137288,187,5284.91,7622.86791828054,228842.985613736,25.9773581763928,215434.068930481,6467457.66363578,734.160427807487
"287",2024,2024 Q2,"Southeastern","lse",89.0538105933786,33.41015901,0.920534031583372,138844,165,4491,7439.35849699399,204973.064258155,30.916054330884,202485.812181818,5578994.13080832,841.478787878788
"288",2024,2024 Q2,"TfW Rail","regional",85.7170473494701,7.61065649,0.296580940414133,90896,248,3327,2287.54327923054,89143.6550688708,27.3207093477607,30688.1310080645,1195890.88876667,366.516129032258
"289",2024,2024 Q2,"TransPennine Express","regional",88.1780731626936,6.21891098889507,0.486517252545036,26009,19,1767.5,3518.47863586708,275257.285739766,14.7151343705799,327311.104678688,25606171.1865808,1368.89473684211
"290",2024,2024 Q2,"Heathrow Express","lse",89.3116557292636,1.130597,0.029112311973888,13040,3,147.5,7665.06440677966,197371.606602631,88.406779661017,376865.666666667,9704103.991296,4346.66666666667
"291",2024,2024 Q2,"Hull Trains","longdistance",83.7649284616294,0.38736382,0.0881083262049408,1208,0,120,3228.03183333333,734236.05170784,10.0666666666667,NA,NA,NA
"292",2024,2024 Q3,"Avanti West Coast","longdistance",67.7876746222069,8.9098984,1.75127607744705,22518,16,3288.28,2709.5923704794,532581.19060635,6.84795698663131,556868.65,109454754.840441,1407.375
"293",2024,2024 Q3,"c2c","lse",92.7533100685262,9.39614102,0.221588949150074,30416,25,638.33,14719.8800307051,347138.547694882,47.6493349834725,375845.6408,8863557.96600296,1216.64
"294",2024,2024 Q3,"Caledonian Sleeper","regional",94.927536231884,0.0748995099999999,0.047955122786926,552,0,257.2,291.211158631415,186450.710680117,2.14618973561431,NA,NA,NA
"295",2024,2024 Q3,"Chiltern Railways","lse",89.6332429626792,5.74328506,0.304907267969441,28349,35,913,6290.56414019715,333961.9583455,31.0503833515882,164093.858857143,8711636.22769831,809.971428571429
"296",2024,2024 Q3,"CrossCountry","longdistance",79.3140464105384,9.08209909,0.823097928033089,21559,0,1880.5,4829.61929805903,437701.63681632,11.4645041212443,NA,NA,NA
"297",2024,2024 Q3,"East Midlands Railway","mutli",79.2476751231592,7.90476517,0.645496137961931,43382,102,2453.76,3221.49076111763,263064.088566906,17.6798056859677,77497.697745098,6328393.5094307,425.313725490196
"298",2024,2024 Q3,"Elizabeth line","lse",89.3778772648561,61.0073036870499,0.59835087196252,91326,27,1287,47402.7223675601,464919.09243397,70.960372960373,2259529.76618703,22161143.4060193,3382.44444444444
"299",2024,2024 Q3,"Govia Thameslink Railway","lse",81.9596067669294,75.8955656985714,2.13723147910374,283598,236,7227.1,10501.5242211359,295724.630779115,39.2409126759004,321591.380078692,9056065.58942263,1201.68644067797
"300",2024,2024 Q3,"Great Western Railway","mutli",82.6084293126943,22.92465678,1.63900604901394,142255,197,6215,3688.60125181014,263717.787451961,22.8889782783588,116368.816142132,8319827.65996924,722.106598984772
"301",2024,2024 Q3,"Greater Anglia","mutli",94.4458606347365,20.42163142,0.921318308559982,109841,134,2712.67,7528.24022826219,339635.233389974,40.4918401427376,152400.234477612,6875509.765373,819.708955223881
"302",2024,2024 Q3,"London North Eastern Railway","mutli",78.3320568814555,6.55746330999999,1.54831612832886,13803,11,3211.95,2041.58324693722,482048.639713837,4.29738943632373,596133.028181817,140756011.66626,1254.81818181818
"303",2024,2024 Q3,"London Overground","lse",92.7666732211098,44.9769834586001,0.309493767529699,133679,82,1506,29865.1948596282,205507.149754116,88.7642762284197,548499.798275611,3774314.23816706,1630.23170731707
"304",2024,2024 Q3,"Merseyrail","regional",91.8797389032522,7.36277643999999,0.133518321747866,52548,67,1187.7,6199.18871768964,112417.54799012,44.2434958322809,109892.185671642,1992810.77235621,784.298507462687
"305",2024,2024 Q3,"Northern Trains","regional",79.3252006040328,22.40223581,0.674094456699586,212287,465,6957.38,3219.92413954678,96889.1244548359,30.5124917713277,48176.8512043011,1449665.49827868,456.531182795699
"306",2024,2024 Q3,"ScotRail","regional",90.4191834798645,21.1987217,0.692488727487786,145167,358,5398,3927.14370137088,128286.166633528,26.89273805113,59214.306424581,1934326.05443516,405.494413407821
"307",2024,2024 Q3,"South Western Railway","lse",84.8478318658922,41.3567613899999,1.26445476899402,141873,187,5284.91,7825.44289117504,239257.578462835,26.8449226193067,221159.151818181,6761790.20852417,758.679144385027
"308",2024,2024 Q3,"Southeastern","lse",86.3322442744428,34.44209108,0.97526177301206,142893,165,4491,7669.13629035849,217159.156760646,31.8176352705411,208739.945939394,5910677.4121943,866.018181818182
"309",2024,2024 Q3,"TfW Rail","regional",82.2491974255462,7.97834021,0.32057901347624,91936,248,3327,2398.05837391043,96356.7819285362,27.6333032762248,32170.7266532258,1292657.31240419,370.709677419355
"310",2024,2024 Q3,"TransPennine Express","regional",85.3188479720669,6.98770912330433,0.551294168851418,27167,19,1767.5,3953.44221969128,311906.177567988,15.370297029703,367774.164384438,29015482.5711273,1429.84210526316
"311",2024,2024 Q3,"Heathrow Express","lse",86.7595818815331,1.017137,0.026190773250048,13612,3,147.5,6895.84406779661,177564.564407105,92.2847457627119,339045.666666667,8730257.750016,4537.33333333333
"312",2024,2024 Q3,"Hull Trains","longdistance",80.4473219540906,0.411276859999999,0.0928276701118272,1214,0,120,3427.30716666666,773563.91759856,10.1166666666667,NA,NA,NA
"313",2024,2024 Q4,"Avanti West Coast","longdistance",61.2116785439327,9.00471777,1.62918326156218,21710,16,3288.28,2738.42792280463,495451.500955569,6.60223581933412,562794.860625,101823953.847636,1356.875
"314",2024,2024 Q4,"c2c","lse",91.6339971773561,9.5303353,0.22011918938102,29152,25,638.33,14930.1071546066,344836.039949587,45.6691679852114,381213.412,8804767.5752408,1166.08
"315",2024,2024 Q4,"Caledonian Sleeper","regional",90.1183594825213,0.06624496,0.0440697522706214,519,0,257.2,257.562052877138,171344.293431654,2.01788491446345,NA,NA,NA
"316",2024,2024 Q4,"Chiltern Railways","lse",87.7336182863672,6.09166927,0.32651153470679,27005,35,913,6672.14596933187,357624.901102727,29.578313253012,174047.693428571,9328900.99162257,771.571428571429
"317",2024,2024 Q4,"CrossCountry","longdistance",70.8559584083727,10.27611219,0.859055659094856,21021,0,1880.5,5464.56378090933,456823.004038743,11.1784099973411,NA,NA,NA
"318",2024,2024 Q4,"East Midlands Railway","mutli",76.4507180657774,8.20810221,0.633880373278648,41868,102,2453.76,3345.11207697574,258330.225155944,17.06279342723,80471.5902941176,6214513.46351616,410.470588235294
"319",2024,2024 Q4,"Elizabeth line","lse",90.1016997064711,63.2770257271443,0.618469862805931,86923,27,1287,49166.2981562893,480551.563951772,67.5392385392385,2343593.54544979,22906291.2150345,3219.37037037037
"320",2024,2024 Q4,"Govia Thameslink Railway","lse",79.7733969434109,75.3714624361938,2.02430100454275,273152,236,7227.1,10429.0050554432,280098.657074449,37.7955196413499,319370.603543194,8577546.62941843,1157.42372881356
"321",2024,2024 Q4,"Great Western Railway","mutli",78.650321137144,22.53045013,1.51941917513194,137658,197,6215,3625.17298954143,244476.134373603,22.1493161705551,114367.76715736,7712787.69102508,698.771573604061
"322",2024,2024 Q4,"Greater Anglia","mutli",93.4110667840364,21.5643227289309,0.942306207745471,108895,134,2712.67,7949.48251314421,347372.222845194,40.143106238503,160927.781559186,7032135.87869754,812.649253731343
"323",2024,2024 Q4,"London North Eastern Railway","mutli",78.7171437748008,6.64732133,1.45005287251207,13788,11,3211.95,2069.55940472299,451455.618086231,4.29271937607995,604301.939090909,131822988.410188,1253.45454545455
"324",2024,2024 Q4,"London Overground","lse",91.9897683869716,44.9589853935752,0.312275077001791,135546,82,1506,29853.2439532372,207353.96879269,90.003984063745,548280.309677746,3808232.64636331,1653
"325",2024,2024 Q4,"Merseyrail","regional",91.0183694739178,7.80545240999999,0.141978849988757,50853,67,1187.7,6571.90570851224,119541.003610977,42.8163677696388,116499.289701492,2119087.31326503,759
"326",2024,2024 Q4,"Northern Trains","regional",72.7265165740284,24.4492531499999,0.712588491036576,206101,465,6957.38,3514.14658247787,102421.959277282,29.6233639674705,52579.0390322579,1532448.36782059,443.227956989247
"327",2024,2024 Q4,"ScotRail","regional",85.4550438289802,21.8460733099999,0.654891609852057,178763,358,5398,4047.06804557242,121321.157808829,33.1165246387551,61022.5511452511,1829306.17277111,499.337988826816
"328",2024,2024 Q4,"South Western Railway","lse",76.1108537809253,43.16086114,1.2472656327041,140638,187,5284.91,8166.81100340403,236005.084798814,26.6112384127639,230806.744064171,6669869.69360481,752.07486631016
"329",2024,2024 Q4,"Southeastern","lse",79.2282577905147,35.36284982,0.95971666374296,138181,165,4491,7874.15938989089,213697.76525116,30.7684257403696,214320.301939394,5816464.62874521,837.460606060606
"330",2024,2024 Q4,"TfW Rail","regional",77.4643117424701,8.02767459,0.300321191698767,86048,248,3327,2412.88686203787,90267.8664558963,25.863540727382,32369.6556048387,1210972.54717245,346.967741935484
"331",2024,2024 Q4,"TransPennine Express","regional",80.7914539809503,7.4216032330506,0.546816187651232,27147,19,1767.5,4198.92686452651,309372.666280754,15.358981612447,390610.696476347,28779799.3500648,1428.78947368421
"332",2024,2024 Q4,"Heathrow Express","lse",88.18968286496,1.114926,0.028708791496704,12897,3,147.5,7558.82033898305,194635.874553925,87.4372881355932,371642,9569597.165568,4299
"333",2024,2024 Q4,"Hull Trains","longdistance",76.1450854171824,0.38306711,0.0859461779161497,1154,0,120,3192.22591666667,716218.149301247,9.61666666666667,NA,NA,NA
